{"Amelie": 0.8366212169577047, "Luis": 2.104361969696902, "Jakob": 4.9532969056198315, "Steve": 8.390741538605264, "Simon": 4.981467829188162, "Uschi": 8.80846758109774, "Michael": 4.729392044659287, "Felix": 3.487896346604442, "Anna": 6.12492068554967, "Lilly": 6.900072328046286}
