{"Simon": -169.936038146, "Ilija": -45.7074946744, "Jakob": 28.159656099, "Amelie": 122.2743729748, "Luis": 259.5878349001, "Michael": 482.1035972946}