{"Amelie": 0.8366212169577047, "Luis": 2.104361969696902, "Jakob": 4.9532969056198315, "Lewis": 8.390741538605264, "Simon": 4.981467829188162, "Simone": 8.80846758109774, "Michael": 4.729392044659287, "Felix": 3.487896346604442, "Anna": 6.12492068554967, "Lilly": 6.900072328046286, "Leo": 9.541935816143013, "Leon": 9.383091287876248, "Adolf": 4.438970002216007, "Kristopher": 4.1735393648879455, "Alfons": 7.171206642905817, "Theo": 3.7205541206181714, "Paul": 0.619329431311828, "Emil": 2.5570155405954753, "Raphael": 7.429331466715736, "Lukas": 3.837336660185583, "Jonas": 6.860866746448064, "Alex": 9.76343149945818, "Leopold": 4.366659758671158, "Christina": 1.1749077228584737, "Clara": 9.379240445502635, "Moritz": 8.50141064245876, "Maximilian": 7.932296847579199, "Anton": 0.6897872369544011, "David": 2.7209831508948845, "Oskar": 3.5180880654459203, "Adrian": 7.880309356334823, "Fynn": 1.0013040400488937, "Matteo": 8.044844494215683, "Fabian": 7.576988721767863, "Sabine": 2.9458392667213507, "Tom": 2.974128985404141, "Thomas": 0.7926631985232435, "Tim": 7.5225059523827555, "Omar": 5.560342651421985, "Sonja": 9.464294315409088, "Ilija": 6.871894338014345, "Sebastian": 1.2475705637621637, "Fenja": 4.759679818801228, "Nico": 1.2010090033872978, "Philipp": 5.6212755815238316, "Nikolaus": 9.650337977603678, "Olivia": 7.84991244919882, "Sophie": 3.71750291487287, "Sophia": 4.764586137792883, "Otto": 8.054411178297642, "Tobias": 9.79044518753399, "Ulrike": 2.790381905452856, "Benjamin": 5.604211900488355, "Hannes": 7.789144908093675, "Hanna": 9.541927684430927, "Karl": 3.802046904628865, "Ilse": 6.55665330369665, "Taylor": 1.8598367013692874, "Julius": 1.9510883359472198, "Bruno": 6.567047560369222, "Alina": 6.861231983459168, "Lara": 2.6186122802943315, "Lana": 1.2359452118472647, "Emilia": 5.826720759293131, "Nora": 7.960607972065091, "Laura": 1.282375231919698, "Linda": 2.9588832613660476, "Johanna": 4.799250450392977, "Josef": 8.016713727060388, "Maria": 7.425545305024917, "Marie": 2.231592032468747, "Jolanda": 2.2230326657495847, "Ida": 1.399565729041663, "Noelia": 4.028053075745479, "Stephanie": 7.078595888105688, "Lauritz": 0.5898946034545038, "Florian": 4.322377564814791, "Timon": 4.7529907895511005, "Gangolf": 2.3609896729061175, "Nila": 0.6758727298489753, "Sigfried": 6.812024648101986, "Mathilda": 2.9402611351449135, "Antonia": 6.134686988403636, "Franz": 1.002736776757377, "Ferdinand": 7.193395055673253, "Hagen": 3.3604816294892794, "Denise": 9.514505956445491, "Eileen": 4.7436844161942195, "Tanja": 7.208080364927003, "Tatjana": 6.24149414175946, "Anja": 4.279427242428321, "Niklas": 3.5850446026289386, "Napoleon": 6.035180204807756, "Marion": 3.5246732668619005, "Lea": 1.519041571687293, "Mia": 8.897489870143556, "Louis": 3.662026624746466, "Edward": 8.274261272535938, "Harry": 0.8948539354689644, "Ronald": 4.6421820327113625}
